producto_id,unidades_12m,valor_consumo_12m,pct_acumulado,clase_abc
MED-012,33401,116903500,0.151,A
MED-009,74551,89461200,0.2665,A
MED-014,18630,78246000,0.3675,A
MED-013,29836,62655600,0.4485,A
MED-015,22322,58037200,0.5234,A
MED-008,28042,51877700,0.5904,A
MED-005,16813,47076400,0.6512,A
MED-006,14853,43073700,0.7068,A
MED-010,40906,38860700,0.757,A
MED-007,59637,38764050,0.8071,A
MED-001,84057,37825650,0.8559,B
MED-011,37367,33630300,0.8994,B
MED-002,71003,33371410,0.9424,B
MED-004,44722,23255440,0.9725,B
MED-003,56077,21309260,1.0,C
