modelo,fold,MAE,MAPE,WAPE,Sesgo_pct,RMSE,n
HistGradientBoosting,1,2.3666,10.312,9.9653,-1.4309,3.6315,2100
HistGradientBoosting,2,2.6693,11.4233,11.0084,1.6581,4.005,2100
HistGradientBoosting,3,3.26,14.4691,13.1226,8.9312,4.7,2100
HistGradientBoosting,4,2.1996,11.1523,11.2013,-4.5693,3.2708,2100
RandomForest,1,2.3861,10.2891,10.0474,-2.0276,3.6531,2100
RandomForest,2,2.5979,11.1304,10.7139,1.3331,3.8824,2100
RandomForest,3,2.987,12.984,12.0237,5.9035,4.3837,2100
RandomForest,4,2.0912,10.919,10.6491,-2.8238,3.0959,2100
media_movil_28,1,4.9893,23.6657,21.0088,-3.3726,6.9104,2100
media_movil_28,2,4.9566,22.9092,20.4417,-2.0581,6.9617,2100
media_movil_28,3,5.0617,22.5404,20.3749,-2.396,6.9276,2100
media_movil_28,4,5.6267,37.3384,28.6535,26.5095,8.2723,2100
naive_estacional,1,3.1095,13.4544,13.0935,-1.5319,4.7039,2100
naive_estacional,2,3.4705,14.4492,14.3126,-0.0079,5.1815,2100
naive_estacional,3,3.859,16.1975,15.5338,0.9852,5.7695,2100
naive_estacional,4,4.4248,25.4356,22.5326,15.7476,6.476,2100
promedio_dia_semana_8s,1,2.5012,10.5594,10.532,-3.912,3.8553,2100
promedio_dia_semana_8s,2,2.7458,11.1203,11.3241,-3.7097,4.1401,2100
promedio_dia_semana_8s,3,3.1257,12.8211,12.5819,-3.4004,4.6118,2100
promedio_dia_semana_8s,4,4.9705,27.8185,25.3116,24.9939,6.5903,2100
