modelo,producto_id,MAE,MAPE,WAPE,Sesgo_pct,RMSE,n
RandomForest,MED-001,4.6507,10.2967,10.0789,-0.674,6.2638,560
RandomForest,MED-002,4.4995,11.733,11.5387,1.1178,6.12,560
RandomForest,MED-003,3.5029,11.6732,11.3809,0.8197,4.7321,560
RandomForest,MED-004,2.5933,11.1279,10.6044,0.8161,3.422,560
RandomForest,MED-005,0.9998,11.3863,10.846,1.4411,1.3283,560
RandomForest,MED-006,0.898,11.5881,11.0228,1.159,1.1952,560
RandomForest,MED-007,3.4756,11.3043,10.6994,0.6772,4.6227,560
RandomForest,MED-008,1.7442,11.7892,11.3219,2.3048,2.3222,560
RandomForest,MED-009,4.4052,10.9317,10.756,-0.1092,6.0239,560
RandomForest,MED-010,2.39,10.8797,10.623,1.6225,3.2111,560
RandomForest,MED-011,2.1787,11.113,10.5837,1.4253,2.8349,560
RandomForest,MED-012,2.0706,11.6262,11.3123,1.7912,2.7161,560
RandomForest,MED-013,1.8739,11.7797,11.4311,1.6267,2.5372,560
RandomForest,MED-014,1.1214,11.6584,11.0153,1.0466,1.4556,560
RandomForest,MED-015,1.3295,11.072,10.8579,1.0858,1.8053,560
promedio_dia_semana_8s,MED-001,6.858,15.9665,14.8626,2.1478,8.75,560
promedio_dia_semana_8s,MED-002,5.4156,14.4791,13.8881,2.3057,7.1536,560
promedio_dia_semana_8s,MED-003,4.3634,15.5485,14.1767,2.3874,5.7314,560
promedio_dia_semana_8s,MED-004,3.7299,16.3822,15.2519,2.9573,4.9363,560
promedio_dia_semana_8s,MED-005,1.3509,16.1624,14.6552,2.7121,1.7265,560
promedio_dia_semana_8s,MED-006,1.1,14.9335,13.5028,2.466,1.4499,560
promedio_dia_semana_8s,MED-007,4.5612,15.1423,14.0413,2.7843,6.0634,560
promedio_dia_semana_8s,MED-008,2.2339,15.6449,14.501,2.6371,2.9282,560
promedio_dia_semana_8s,MED-009,5.9772,15.7311,14.5945,2.2607,8.0367,560
promedio_dia_semana_8s,MED-010,3.0665,14.4791,13.6301,2.2264,4.0037,560
promedio_dia_semana_8s,MED-011,3.0585,15.9812,14.8573,2.5156,3.9396,560
promedio_dia_semana_8s,MED-012,2.7174,16.2854,14.8463,2.7073,3.5667,560
promedio_dia_semana_8s,MED-013,2.4036,15.8673,14.6623,2.1786,3.1482,560
promedio_dia_semana_8s,MED-014,1.4951,16.0344,14.686,1.6751,1.9232,560
promedio_dia_semana_8s,MED-015,1.7058,15.0595,13.931,2.4719,2.1903,560
