fecha_corte,producto_id,ubicacion_id,producto_nombre,categoria,clase_abc,nivel_servicio,z,costo_unitario,demanda_diaria_pronostico,sigma_error_diario,lead_time_prom,lead_time_desv,demanda_lead_time,stock_seguridad,punto_reorden,stock_maximo,inventario_disponible,inventario_en_transito,proxima_recepcion,posicion_inventario,dias_cobertura,dias_cobertura_posicion,cantidad_sugerida,valor_pedido_sugerido,unidades_exceso,valor_exceso,estado_inventario
2025-12-31,MED-001,LOC-001,Guantes de nitrilo talla M,Protección,B,0.95,1.6449,450,68.9235,9.3411,11.85,1.4962,816.7433,178.0,995.0,2925.0,10091,260,2026-01-10,10351,146.4087,150.181,0,0,7166,3224700.0,SOBRESTOCK
2025-12-31,MED-001,LOC-002,Guantes de nitrilo talla M,Protección,B,0.95,1.6449,450,53.4033,6.209,11.85,1.4962,632.8289,137.0,770.0,2266.0,6791,218,2026-01-08,7009,127.1645,131.2466,0,0,4525,2036250.0,SOBRESTOCK
2025-12-31,MED-001,LOC-003,Guantes de nitrilo talla M,Protección,B,0.95,1.6449,450,40.868,4.9505,11.85,1.4962,484.2857,105.0,590.0,1734.0,5492,174,2026-01-08,5666,134.3839,138.6415,0,0,3758,1691100.0,SOBRESTOCK
2025-12-31,MED-001,LOC-004,Guantes de nitrilo talla M,Protección,B,0.95,1.6449,450,31.3425,4.3767,11.85,1.4962,371.4087,82.0,454.0,1331.0,4290,141,2026-01-13,4431,136.8748,141.3735,0,0,2959,1331550.0,SOBRESTOCK
2025-12-31,MED-001,LOC-005,Guantes de nitrilo talla M,Protección,B,0.95,1.6449,450,36.6365,5.2201,11.85,1.4962,434.1423,95.0,530.0,1555.0,4957,140,2026-01-08,5097,135.3023,139.1236,0,0,3402,1530900.0,SOBRESTOCK
2025-12-31,MED-002,LOC-001,Guantes de nitrilo talla L,Protección,B,0.95,1.6449,470,59.9228,9.3332,12.145,1.3942,727.7629,148.0,876.0,2554.0,8568,197,2026-01-10,8765,142.9839,146.2714,0,0,6014,2826580.0,SOBRESTOCK
2025-12-31,MED-002,LOC-002,Guantes de nitrilo talla L,Protección,B,0.95,1.6449,470,46.1973,6.5028,12.145,1.3942,561.0667,113.0,675.0,1968.0,5298,192,2026-01-09,5490,114.6819,118.838,0,0,3330,1565100.0,SOBRESTOCK
2025-12-31,MED-002,LOC-003,Guantes de nitrilo talla L,Protección,B,0.95,1.6449,470,35.632,4.7296,12.145,1.3942,432.7501,87.0,520.0,1518.0,4430,139,2026-01-08,4569,124.3266,128.2276,0,0,2912,1368640.0,SOBRESTOCK
2025-12-31,MED-002,LOC-004,Guantes de nitrilo talla L,Protección,B,0.95,1.6449,470,26.7059,3.7378,12.145,1.3942,324.3427,65.0,390.0,1138.0,3848,115,2026-01-07,3963,144.0882,148.3944,0,0,2710,1273700.0,SOBRESTOCK
2025-12-31,MED-002,LOC-005,Guantes de nitrilo talla L,Protección,B,0.95,1.6449,470,30.9119,4.584,12.145,1.3942,375.4256,76.0,452.0,1317.0,4394,119,2026-01-09,4513,142.1457,145.9953,0,0,3077,1446190.0,SOBRESTOCK
2025-12-31,MED-003,LOC-001,Jeringa 5 ml,Dispositivos,C,0.9,1.2816,380,47.5457,7.3661,14.9,1.8239,708.4309,117.0,826.0,2157.0,6843,206,2026-01-10,7049,143.9247,148.2574,0,0,4686,1780680.0,SOBRESTOCK
2025-12-31,MED-003,LOC-002,Jeringa 5 ml,Dispositivos,C,0.9,1.2816,380,35.5495,5.042,14.9,1.8239,529.6871,87.0,617.0,1613.0,4610,127,2026-01-14,4737,129.6785,133.2509,0,0,2997,1138860.0,SOBRESTOCK
2025-12-31,MED-003,LOC-003,Jeringa 5 ml,Dispositivos,C,0.9,1.2816,380,27.6902,3.8377,14.9,1.8239,412.5845,68.0,481.0,1256.0,3504,121,2026-01-11,3625,126.5428,130.9126,0,0,2248,854240.0,SOBRESTOCK
2025-12-31,MED-003,LOC-004,Jeringa 5 ml,Dispositivos,C,0.9,1.2816,380,21.5361,2.6678,14.9,1.8239,320.8882,53.0,374.0,977.0,2811,84,2026-01-14,2895,130.5249,134.4253,0,0,1834,696920.0,SOBRESTOCK
2025-12-31,MED-003,LOC-005,Jeringa 5 ml,Dispositivos,C,0.9,1.2816,380,24.5196,3.3204,14.9,1.8239,365.3422,60.0,426.0,1112.0,3417,102,2026-01-11,3519,139.3578,143.5178,0,0,2305,875900.0,SOBRESTOCK
2025-12-31,MED-004,LOC-001,Jeringa 10 ml,Dispositivos,B,0.95,1.6449,520,36.6334,5.0095,15.02,1.9949,550.2338,125.0,676.0,1701.0,5867,137,2026-01-14,6004,160.1544,163.8941,0,0,4166,2166320.0,SOBRESTOCK
2025-12-31,MED-004,LOC-002,Jeringa 10 ml,Dispositivos,B,0.95,1.6449,520,29.0338,3.4365,15.02,1.9949,436.0881,98.0,535.0,1348.0,3888,97,2026-01-10,3985,133.9128,137.2537,0,0,2540,1320800.0,SOBRESTOCK
2025-12-31,MED-004,LOC-003,Jeringa 10 ml,Dispositivos,B,0.95,1.6449,520,22.1169,2.8588,15.02,1.9949,332.1953,75.0,408.0,1027.0,3093,79,2026-01-11,3172,139.848,143.42,0,0,2066,1074320.0,SOBRESTOCK
2025-12-31,MED-004,LOC-004,Jeringa 10 ml,Dispositivos,B,0.95,1.6449,520,17.3225,2.2795,15.02,1.9949,260.184,59.0,320.0,805.0,1736,68,2026-01-12,1804,100.2165,104.142,0,0,931,484120.0,SOBRESTOCK
2025-12-31,MED-004,LOC-005,Jeringa 10 ml,Dispositivos,B,0.95,1.6449,520,19.8022,2.9034,15.02,1.9949,297.4295,68.0,366.0,920.0,2262,75,2026-01-10,2337,114.2296,118.017,0,0,1342,697840.0,SOBRESTOCK
2025-12-31,MED-005,LOC-001,Catéter intravenoso 20G,Dispositivos,A,0.98,2.0537,2800,14.2221,1.8543,19.755,2.3199,280.9584,70.0,351.0,750.0,1987,59,2026-01-14,2046,139.7117,143.8602,0,0,1237,3463600.0,SOBRESTOCK
2025-12-31,MED-005,LOC-002,Catéter intravenoso 20G,Dispositivos,A,0.98,2.0537,2800,10.7308,1.4842,19.755,2.3199,211.9869,53.0,265.0,566.0,1621,41,2026-01-12,1662,151.0606,154.8813,0,0,1055,2954000.0,SOBRESTOCK
2025-12-31,MED-005,LOC-003,Catéter intravenoso 20G,Dispositivos,A,0.98,2.0537,2800,8.3275,1.2646,19.755,2.3199,164.5106,42.0,207.0,440.0,1041,32,2026-01-13,1073,125.0068,128.8495,0,0,601,1682800.0,SOBRESTOCK
2025-12-31,MED-005,LOC-004,Catéter intravenoso 20G,Dispositivos,A,0.98,2.0537,2800,6.4089,0.8157,19.755,2.3199,126.6078,32.0,159.0,339.0,821,23,2026-01-17,844,128.1031,131.6919,0,0,482,1349600.0,SOBRESTOCK
2025-12-31,MED-005,LOC-005,Catéter intravenoso 20G,Dispositivos,A,0.98,2.0537,2800,7.4581,0.918,19.755,2.3199,147.3342,37.0,185.0,394.0,999,28,2026-01-15,1027,133.9488,137.7032,0,0,605,1694000.0,SOBRESTOCK
2025-12-31,MED-006,LOC-001,Catéter intravenoso 22G,Dispositivos,A,0.98,2.0537,2900,12.8024,1.757,20.085,2.3463,257.1355,64.0,322.0,680.0,1907,45,2026-01-18,1952,148.9568,152.4718,0,0,1227,3558300.0,SOBRESTOCK
2025-12-31,MED-006,LOC-002,Catéter intravenoso 22G,Dispositivos,A,0.98,2.0537,2900,9.3806,1.2175,20.085,2.3463,188.4097,47.0,236.0,499.0,1371,36,2026-01-18,1407,146.1524,149.9901,0,0,872,2528800.0,SOBRESTOCK
2025-12-31,MED-006,LOC-003,Catéter intravenoso 22G,Dispositivos,A,0.98,2.0537,2900,7.1578,1.0069,20.085,2.3463,143.7649,36.0,180.0,381.0,995,29,2026-01-16,1024,139.0087,143.0602,0,0,614,1780600.0,SOBRESTOCK
2025-12-31,MED-006,LOC-004,Catéter intravenoso 22G,Dispositivos,A,0.98,2.0537,2900,5.7576,0.8729,20.085,2.3463,115.6412,29.0,145.0,306.0,796,21,2026-01-17,817,138.2523,141.8996,0,0,490,1421000.0,SOBRESTOCK
2025-12-31,MED-006,LOC-005,Catéter intravenoso 22G,Dispositivos,A,0.98,2.0537,2900,6.6394,0.8956,20.085,2.3463,133.3516,34.0,168.0,354.0,892,27,2026-01-16,919,134.3503,138.4169,0,0,538,1560200.0,SOBRESTOCK
2025-12-31,MED-007,LOC-001,Gasas estériles 10x10,Curación,A,0.98,2.0537,650,50.3652,6.4266,10.01,1.2481,504.1554,136.0,641.0,2051.0,5583,176,2026-01-06,5759,110.8504,114.3449,0,0,3532,2295800.0,SOBRESTOCK
2025-12-31,MED-007,LOC-002,Gasas estériles 10x10,Curación,A,0.98,2.0537,650,37.487,4.7881,10.01,1.2481,375.2448,101.0,477.0,1526.0,4781,147,2026-01-07,4928,127.5376,131.4589,0,0,3255,2115750.0,SOBRESTOCK
2025-12-31,MED-007,LOC-003,Gasas estériles 10x10,Curación,A,0.98,2.0537,650,29.6945,4.1205,10.01,1.2481,297.2419,81.0,379.0,1210.0,3991,135,2026-01-05,4126,134.402,138.9483,0,0,2781,1807650.0,SOBRESTOCK
2025-12-31,MED-007,LOC-004,Gasas estériles 10x10,Curación,A,0.98,2.0537,650,22.0322,3.1563,10.01,1.2481,220.5419,61.0,282.0,899.0,3063,78,2026-01-09,3141,139.0241,142.5644,0,0,2164,1406600.0,SOBRESTOCK
2025-12-31,MED-007,LOC-005,Gasas estériles 10x10,Curación,A,0.98,2.0537,650,26.0712,3.8802,10.01,1.2481,260.9724,72.0,333.0,1063.0,3442,104,2026-01-07,3546,132.0232,136.0123,0,0,2379,1546350.0,SOBRESTOCK
2025-12-31,MED-008,LOC-001,Apósito transparente,Curación,A,0.98,2.0537,1850,23.9132,3.3157,14.06,1.6091,336.2194,84.0,421.0,1090.0,3287,98,2026-01-11,3385,137.4556,141.5537,0,0,2197,4064450.0,SOBRESTOCK
2025-12-31,MED-008,LOC-002,Apósito transparente,Curación,A,0.98,2.0537,1850,18.0087,2.5869,14.06,1.6091,253.203,63.0,317.0,821.0,2545,69,2026-01-09,2614,141.3202,145.1517,0,0,1724,3189400.0,SOBRESTOCK
2025-12-31,MED-008,LOC-003,Apósito transparente,Curación,A,0.98,2.0537,1850,13.8862,1.9139,14.06,1.6091,195.2398,49.0,245.0,634.0,1940,52,2026-01-12,1992,139.7072,143.4519,0,0,1306,2416100.0,SOBRESTOCK
2025-12-31,MED-008,LOC-004,Apósito transparente,Curación,A,0.98,2.0537,1850,10.5536,1.5951,14.06,1.6091,148.3836,37.0,186.0,481.0,1271,40,2026-01-09,1311,120.4328,124.223,0,0,790,1461500.0,SOBRESTOCK
2025-12-31,MED-008,LOC-005,Apósito transparente,Curación,A,0.98,2.0537,1850,12.4842,1.6071,14.06,1.6091,175.5274,44.0,220.0,570.0,1603,46,2026-01-12,1649,128.4027,132.0873,0,0,1033,1911050.0,SOBRESTOCK
2025-12-31,MED-009,LOC-001,Mascarilla quirúrgica,Protección,A,0.98,2.0537,1200,61.153,9.1331,9.975,1.2378,610.0008,167.0,778.0,2490.0,8970,251,2026-01-08,9221,146.6814,150.7858,0,0,6480,7776000.0,SOBRESTOCK
2025-12-31,MED-009,LOC-002,Mascarilla quirúrgica,Protección,A,0.98,2.0537,1200,48.0049,6.8907,9.975,1.2378,478.8491,130.0,609.0,1953.0,6289,217,2026-01-05,6506,131.0074,135.5278,0,0,4336,5203200.0,SOBRESTOCK
2025-12-31,MED-009,LOC-003,Mascarilla quirúrgica,Protección,A,0.98,2.0537,1200,36.5168,4.9042,9.975,1.2378,364.2553,99.0,464.0,1486.0,6019,155,2026-01-08,6174,164.8281,169.0728,0,0,4533,5439600.0,SOBRESTOCK
2025-12-31,MED-009,LOC-004,Mascarilla quirúrgica,Protección,A,0.98,2.0537,1200,28.3801,3.4749,9.975,1.2378,283.0918,76.0,360.0,1154.0,4000,123,2026-01-08,4123,140.9437,145.2777,0,0,2846,3415200.0,SOBRESTOCK
2025-12-31,MED-009,LOC-005,Mascarilla quirúrgica,Protección,A,0.98,2.0537,1200,32.6257,3.9135,9.975,1.2378,325.4412,87.0,413.0,1326.0,3903,126,2026-01-07,4029,119.6297,123.4916,0,0,2577,3092400.0,SOBRESTOCK
2025-12-31,MED-010,LOC-001,Tubo de extracción EDTA,Laboratorio,A,0.98,2.0537,950,35.3752,4.7803,17.93,2.2451,634.2766,169.0,804.0,1794.0,5049,140,2026-01-12,5189,142.7273,146.6849,0,0,3255,3092250.0,SOBRESTOCK
2025-12-31,MED-010,LOC-002,Tubo de extracción EDTA,Laboratorio,A,0.98,2.0537,950,26.3562,3.5715,17.93,2.2451,472.5666,126.0,599.0,1337.0,4282,91,2026-01-14,4373,162.4665,165.9192,0,0,2945,2797750.0,SOBRESTOCK
2025-12-31,MED-010,LOC-003,Tubo de extracción EDTA,Laboratorio,A,0.98,2.0537,950,20.5193,2.2572,17.93,2.2451,367.9118,97.0,465.0,1040.0,2395,85,2026-01-16,2480,116.7191,120.8616,0,0,1355,1287250.0,SOBRESTOCK
2025-12-31,MED-010,LOC-004,Tubo de extracción EDTA,Laboratorio,A,0.98,2.0537,950,15.6968,2.1664,17.93,2.2451,281.4444,75.0,357.0,796.0,2147,60,2026-01-16,2207,136.7791,140.6015,0,0,1351,1283450.0,SOBRESTOCK
2025-12-31,MED-010,LOC-005,Tubo de extracción EDTA,Laboratorio,A,0.98,2.0537,950,17.8762,2.4182,17.93,2.2451,320.5207,86.0,407.0,908.0,2481,71,2026-01-16,2552,138.7877,142.7594,0,0,1573,1494350.0,SOBRESTOCK
2025-12-31,MED-011,LOC-001,Tubo de extracción suero,Laboratorio,B,0.95,1.6449,900,32.0625,3.947,17.985,2.186,576.6437,119.0,696.0,1594.0,3679,126,2026-01-11,3805,114.7447,118.6745,0,0,2085,1876500.0,SOBRESTOCK
2025-12-31,MED-011,LOC-002,Tubo de extracción suero,Laboratorio,B,0.95,1.6449,900,24.2058,2.956,17.985,2.186,435.341,90.0,526.0,1204.0,3308,73,2026-01-14,3381,136.6616,139.6774,0,0,2104,1893600.0,SOBRESTOCK
2025-12-31,MED-011,LOC-003,Tubo de extracción suero,Laboratorio,B,0.95,1.6449,900,18.3114,2.4004,17.985,2.186,329.33,68.0,398.0,911.0,2192,63,2026-01-12,2255,119.7071,123.1475,0,0,1281,1152900.0,SOBRESTOCK
2025-12-31,MED-011,LOC-004,Tubo de extracción suero,Laboratorio,B,0.95,1.6449,900,14.2293,2.014,17.985,2.186,255.9133,54.0,310.0,709.0,2012,47,2026-01-15,2059,141.3988,144.7018,0,0,1303,1172700.0,SOBRESTOCK
2025-12-31,MED-011,LOC-005,Tubo de extracción suero,Laboratorio,B,0.95,1.6449,900,16.5801,2.3989,17.985,2.186,298.1923,62.0,361.0,825.0,2145,64,2026-01-11,2209,129.3723,133.2323,0,0,1320,1188000.0,SOBRESTOCK
2025-12-31,MED-012,LOC-001,Solución salina 500 ml,Soluciones,A,0.98,2.0537,3500,28.274,3.8921,17.855,2.2041,504.8324,133.0,638.0,1430.0,3830,110,2026-01-15,3940,135.4601,139.3506,0,0,2400,8400000.0,SOBRESTOCK
2025-12-31,MED-012,LOC-002,Solución salina 500 ml,Soluciones,A,0.98,2.0537,3500,21.6193,3.0054,17.855,2.2041,386.0125,102.0,489.0,1094.0,3221,83,2026-01-13,3304,148.9873,152.8265,0,0,2127,7444500.0,SOBRESTOCK
2025-12-31,MED-012,LOC-003,Solución salina 500 ml,Soluciones,A,0.98,2.0537,3500,16.6593,2.3634,17.855,2.2041,297.4524,79.0,377.0,843.0,2028,70,2026-01-16,2098,121.7336,125.9354,0,0,1185,4147500.0,SOBRESTOCK
2025-12-31,MED-012,LOC-004,Solución salina 500 ml,Soluciones,A,0.98,2.0537,3500,12.8064,1.7074,17.855,2.2041,228.659,60.0,289.0,648.0,1457,47,2026-01-16,1504,113.7709,117.4409,0,0,809,2831500.0,SOBRESTOCK
2025-12-31,MED-012,LOC-005,Solución salina 500 ml,Soluciones,A,0.98,2.0537,3500,14.5293,1.9735,17.855,2.2041,259.4212,68.0,328.0,735.0,1781,60,2026-01-13,1841,122.5796,126.7092,0,0,1046,3661000.0,SOBRESTOCK
2025-12-31,MED-013,LOC-001,Equipo de venoclisis,Dispositivos,A,0.98,2.0537,2100,25.4825,3.6284,16.235,1.9335,413.7088,106.0,520.0,1234.0,3669,87,2026-01-16,3756,143.981,147.3951,0,0,2435,5113500.0,SOBRESTOCK
2025-12-31,MED-013,LOC-002,Equipo de venoclisis,Dispositivos,A,0.98,2.0537,2100,19.1793,2.6732,16.235,1.9335,311.3756,80.0,392.0,929.0,2493,80,2026-01-12,2573,129.984,134.1552,0,0,1564,3284400.0,SOBRESTOCK
2025-12-31,MED-013,LOC-003,Equipo de venoclisis,Dispositivos,A,0.98,2.0537,2100,15.2012,2.0911,16.235,1.9335,246.7908,63.0,310.0,736.0,1918,59,2026-01-14,1977,126.1746,130.0559,0,0,1182,2482200.0,SOBRESTOCK
2025-12-31,MED-013,LOC-004,Equipo de venoclisis,Dispositivos,A,0.98,2.0537,2100,11.0111,1.7274,16.235,1.9335,178.7658,47.0,226.0,535.0,1491,37,2026-01-16,1528,135.4084,138.7686,0,0,956,2007600.0,SOBRESTOCK
2025-12-31,MED-013,LOC-005,Equipo de venoclisis,Dispositivos,A,0.98,2.0537,2100,12.8637,2.0507,16.235,1.9335,208.8427,54.0,263.0,624.0,1854,52,2026-01-12,1906,144.1261,148.1685,0,0,1230,2583000.0,SOBRESTOCK
2025-12-31,MED-014,LOC-001,Alcohol antiséptico,Antisépticos,A,0.98,2.0537,4200,16.0971,2.0308,11.915,1.4997,191.7973,52.0,244.0,695.0,2160,58,2026-01-10,2218,134.1854,137.7886,0,0,1465,6153000.0,SOBRESTOCK
2025-12-31,MED-014,LOC-002,Alcohol antiséptico,Antisépticos,A,0.98,2.0537,4200,11.9263,1.6887,11.915,1.4997,142.1022,39.0,182.0,516.0,1966,43,2026-01-09,2009,164.8454,168.4508,0,0,1450,6090000.0,SOBRESTOCK
2025-12-31,MED-014,LOC-003,Alcohol antiséptico,Antisépticos,A,0.98,2.0537,4200,9.0861,1.3063,11.915,1.4997,108.2608,30.0,139.0,393.0,1361,34,2026-01-11,1395,149.7893,153.5313,0,0,968,4065600.0,SOBRESTOCK
2025-12-31,MED-014,LOC-004,Alcohol antiséptico,Antisépticos,A,0.98,2.0537,4200,6.9485,0.9581,11.915,1.4997,82.7914,23.0,106.0,301.0,919,29,2026-01-09,948,132.2587,136.4322,0,0,618,2595600.0,SOBRESTOCK
2025-12-31,MED-014,LOC-005,Alcohol antiséptico,Antisépticos,A,0.98,2.0537,4200,8.3359,0.9907,11.915,1.4997,99.3217,27.0,127.0,360.0,1128,31,2026-01-09,1159,135.3191,139.0379,0,0,768,3225600.0,SOBRESTOCK
2025-12-31,MED-015,LOC-001,Esparadrapo médico,Curación,A,0.98,2.0537,2600,18.621,2.679,11.08,1.2892,206.3207,53.0,260.0,781.0,2408,64,2026-01-08,2472,129.3163,132.7533,0,0,1627,4230200.0,SOBRESTOCK
2025-12-31,MED-015,LOC-002,Esparadrapo médico,Curación,A,0.98,2.0537,2600,14.7996,1.8656,11.08,1.2892,163.9794,42.0,206.0,621.0,1679,49,2026-01-08,1728,113.4491,116.7601,0,0,1058,2750800.0,SOBRESTOCK
2025-12-31,MED-015,LOC-003,Esparadrapo médico,Curación,A,0.98,2.0537,2600,10.9559,1.5707,11.08,1.2892,121.3918,31.0,153.0,460.0,1377,44,2026-01-08,1421,125.6853,129.7014,0,0,917,2384200.0,SOBRESTOCK
2025-12-31,MED-015,LOC-004,Esparadrapo médico,Curación,A,0.98,2.0537,2600,8.5772,1.0259,11.08,1.2892,95.0351,24.0,120.0,360.0,1031,37,2026-01-07,1068,120.2027,124.5165,0,0,671,1744600.0,SOBRESTOCK
2025-12-31,MED-015,LOC-005,Esparadrapo médico,Curación,A,0.98,2.0537,2600,9.6642,1.3443,11.08,1.2892,107.0799,28.0,136.0,406.0,1224,38,2026-01-08,1262,126.6524,130.5844,0,0,818,2126800.0,SOBRESTOCK
