lote_id,producto_id,ubicacion_id,fecha_ingreso,fecha_vencimiento,cantidad_inicial,cantidad_disponible,demanda_diaria_pronostico,dias_para_vencer,unidades_consumidas_proyectadas,unidades_en_riesgo,valor_en_riesgo,estado_vencimiento
LOT-00003,MED-001,LOC-001,2023-11-03,2026-09-03,500,128,68.9235,246,128.0,0,0,OK
LOT-00001,MED-001,LOC-001,2024-12-23,2026-12-19,541,310,68.9235,353,310.0,0,0,OK
LOT-00002,MED-001,LOC-001,2025-01-11,2027-06-17,1213,860,68.9235,533,860.0,0,0,OK
LOT-00006,MED-001,LOC-002,2024-04-15,2026-06-28,1062,370,53.4033,179,370.0,0,0,OK
LOT-00005,MED-001,LOC-002,2023-10-09,2026-08-14,2074,1096,53.4033,226,1096.0,0,0,OK
LOT-00004,MED-001,LOC-002,2024-07-30,2026-11-08,1830,1687,53.4033,312,1687.0,0,0,OK
LOT-00008,MED-001,LOC-003,2023-05-01,2025-05-23,1831,432,40.868,-222,0.0,432,194400,VENCIDO
LOT-00007,MED-001,LOC-003,2023-05-26,2025-10-20,1194,1022,40.868,-72,0.0,1022,459900,VENCIDO
LOT-00009,MED-001,LOC-003,2025-02-25,2027-09-18,826,777,40.868,626,777.0,0,0,OK
LOT-00012,MED-001,LOC-004,2024-06-29,2026-08-08,1890,1762,31.3425,220,1762.0,0,0,OK
LOT-00010,MED-001,LOC-004,2023-11-21,2026-10-05,311,264,31.3425,278,264.0,0,0,OK
LOT-00011,MED-001,LOC-004,2025-05-13,2027-07-20,438,309,31.3425,566,309.0,0,0,OK
LOT-00013,MED-001,LOC-005,2024-09-10,2024-10-31,494,242,36.6365,-426,0.0,242,108900,VENCIDO
LOT-00014,MED-001,LOC-005,2023-07-12,2025-08-16,773,223,36.6365,-137,0.0,223,100350,VENCIDO
LOT-00015,MED-001,LOC-005,2024-05-17,2027-01-25,837,767,36.6365,390,767.0,0,0,OK
LOT-00018,MED-002,LOC-001,2023-04-29,2025-06-28,1998,1276,59.9228,-186,0.0,1276,599720,VENCIDO
LOT-00017,MED-002,LOC-001,2023-06-22,2025-09-01,776,223,59.9228,-121,0.0,223,104810,VENCIDO
LOT-00016,MED-002,LOC-001,2024-05-07,2027-04-25,342,116,59.9228,480,116.0,0,0,OK
LOT-00019,MED-002,LOC-002,2023-02-26,2023-04-18,766,482,46.1973,-988,0.0,482,226540,VENCIDO
LOT-00021,MED-002,LOC-002,2023-04-28,2026-04-23,2426,1789,46.1973,113,1789.0,0,0,OK
LOT-00020,MED-002,LOC-002,2024-01-25,2026-11-08,964,272,46.1973,312,272.0,0,0,OK
LOT-00022,MED-002,LOC-003,2024-07-31,2026-10-26,843,158,35.632,299,158.0,0,0,OK
LOT-00023,MED-002,LOC-003,2024-08-10,2027-08-04,2263,390,35.632,581,390.0,0,0,OK
LOT-00024,MED-002,LOC-003,2025-04-20,2028-01-07,2268,1114,35.632,737,1114.0,0,0,OK
LOT-00025,MED-002,LOC-004,2025-03-13,2025-05-06,1646,558,26.7059,-239,0.0,558,262260,VENCIDO
LOT-00027,MED-002,LOC-004,2023-05-23,2026-01-30,1012,343,26.7059,30,343.0,0,0,VENCE_PRONTO_ROTA_A_TIEMPO
LOT-00026,MED-002,LOC-004,2025-03-26,2027-10-05,2108,1057,26.7059,643,1057.0,0,0,OK
LOT-00030,MED-002,LOC-005,2024-05-24,2026-06-05,1030,905,30.9119,156,905.0,0,0,OK
LOT-00028,MED-002,LOC-005,2024-05-20,2027-02-20,1540,986,30.9119,416,986.0,0,0,OK
LOT-00029,MED-002,LOC-005,2025-05-02,2027-08-02,2254,363,30.9119,579,363.0,0,0,OK
LOT-00031,MED-003,LOC-001,2023-03-14,2027-06-27,1599,309,47.5457,543,309.0,0,0,OK
LOT-00033,MED-003,LOC-001,2024-08-14,2027-11-28,308,205,47.5457,697,205.0,0,0,OK
LOT-00032,MED-003,LOC-001,2023-06-29,2028-03-05,871,415,47.5457,795,415.0,0,0,OK
LOT-00034,MED-003,LOC-002,2024-03-18,2024-05-21,208,168,35.5495,-589,0.0,168,63840,VENCIDO
LOT-00035,MED-003,LOC-002,2023-08-21,2027-02-01,2066,1708,35.5495,397,1708.0,0,0,OK
LOT-00036,MED-003,LOC-002,2024-08-29,2028-10-26,915,750,35.5495,1030,750.0,0,0,OK
LOT-00038,MED-003,LOC-003,2023-06-27,2027-05-31,2461,2059,27.6902,516,2059.0,0,0,OK
LOT-00037,MED-003,LOC-003,2025-03-10,2029-08-06,1988,838,27.6902,1314,838.0,0,0,OK
LOT-00039,MED-003,LOC-003,2025-04-12,2029-11-04,633,200,27.6902,1404,200.0,0,0,OK
LOT-00040,MED-003,LOC-004,2024-09-22,2024-10-28,1660,1055,21.5361,-429,0.0,1055,400900,VENCIDO
LOT-00042,MED-003,LOC-004,2023-03-19,2026-10-23,1082,946,21.5361,296,946.0,0,0,OK
LOT-00041,MED-003,LOC-004,2024-01-08,2027-05-24,2393,2030,21.5361,509,2030.0,0,0,OK
LOT-00043,MED-003,LOC-005,2023-04-17,2026-08-08,451,367,24.5196,220,367.0,0,0,OK
LOT-00045,MED-003,LOC-005,2023-07-19,2028-02-22,506,289,24.5196,783,289.0,0,0,OK
LOT-00044,MED-003,LOC-005,2023-08-27,2028-02-25,694,288,24.5196,786,288.0,0,0,OK
LOT-00048,MED-004,LOC-001,2023-01-04,2026-05-31,1069,899,36.6334,151,899.0,0,0,OK
LOT-00047,MED-004,LOC-001,2024-12-22,2029-02-28,2258,579,36.6334,1155,579.0,0,0,OK
LOT-00046,MED-004,LOC-001,2024-12-04,2029-11-02,1201,855,36.6334,1402,855.0,0,0,OK
LOT-00049,MED-004,LOC-002,2023-02-28,2027-03-24,1471,326,29.0338,448,326.0,0,0,OK
LOT-00050,MED-004,LOC-002,2025-03-08,2028-12-15,797,748,29.0338,1080,748.0,0,0,OK
LOT-00051,MED-004,LOC-002,2025-04-12,2029-04-04,742,379,29.0338,1190,379.0,0,0,OK
LOT-00053,MED-004,LOC-003,2023-08-13,2028-01-15,1183,564,22.1169,745,564.0,0,0,OK
LOT-00054,MED-004,LOC-003,2024-08-21,2028-01-23,1773,620,22.1169,753,620.0,0,0,OK
LOT-00052,MED-004,LOC-003,2025-05-25,2028-09-19,505,173,22.1169,993,173.0,0,0,OK
LOT-00056,MED-004,LOC-004,2023-06-15,2028-01-15,2217,994,17.3225,745,994.0,0,0,OK
LOT-00055,MED-004,LOC-004,2025-04-15,2029-08-11,860,129,17.3225,1319,129.0,0,0,OK
LOT-00057,MED-004,LOC-004,2025-01-16,2029-11-03,1832,564,17.3225,1403,564.0,0,0,OK
LOT-00058,MED-004,LOC-005,2023-12-04,2027-03-14,1385,244,19.8022,438,244.0,0,0,OK
LOT-00060,MED-004,LOC-005,2024-10-21,2029-05-19,482,169,19.8022,1235,169.0,0,0,OK
LOT-00059,MED-004,LOC-005,2024-10-07,2029-08-24,1740,607,19.8022,1332,607.0,0,0,OK
LOT-00063,MED-005,LOC-001,2023-04-30,2026-12-22,709,409,14.2221,356,409.0,0,0,OK
LOT-00061,MED-005,LOC-001,2023-12-13,2027-03-20,2456,947,14.2221,444,947.0,0,0,OK
LOT-00062,MED-005,LOC-001,2025-04-01,2028-02-07,284,80,14.2221,768,80.0,0,0,OK
LOT-00066,MED-005,LOC-002,2024-01-25,2027-05-05,2048,1016,10.7308,490,1016.0,0,0,OK
LOT-00064,MED-005,LOC-002,2024-10-10,2027-08-26,1488,693,10.7308,603,693.0,0,0,OK
LOT-00065,MED-005,LOC-002,2024-06-05,2027-09-19,1181,859,10.7308,627,859.0,0,0,OK
LOT-00068,MED-005,LOC-003,2023-01-30,2026-10-29,1309,1114,8.3275,302,1114.0,0,0,OK
LOT-00069,MED-005,LOC-003,2024-12-08,2027-08-20,2303,2124,8.3275,597,2124.0,0,0,OK
LOT-00067,MED-005,LOC-003,2024-09-26,2028-07-17,2113,1736,8.3275,929,1736.0,0,0,OK
LOT-00071,MED-005,LOC-004,2024-04-02,2026-12-06,1660,1240,6.4089,340,1240.0,0,0,OK
LOT-00070,MED-005,LOC-004,2024-07-30,2027-05-28,892,148,6.4089,513,148.0,0,0,OK
LOT-00072,MED-005,LOC-004,2025-02-05,2028-06-24,2202,1343,6.4089,906,1343.0,0,0,OK
LOT-00074,MED-005,LOC-005,2024-01-22,2027-12-15,1096,763,7.4581,714,763.0,0,0,OK
LOT-00073,MED-005,LOC-005,2024-06-29,2028-05-10,2445,1568,7.4581,861,1568.0,0,0,OK
LOT-00075,MED-005,LOC-005,2025-05-23,2028-10-19,1157,232,7.4581,1023,232.0,0,0,OK
LOT-00076,MED-006,LOC-001,2024-08-05,2027-08-31,1474,550,12.8024,608,550.0,0,0,OK
LOT-00078,MED-006,LOC-001,2024-05-24,2028-01-18,2316,511,12.8024,748,511.0,0,0,OK
LOT-00077,MED-006,LOC-001,2024-07-02,2028-04-28,2377,445,12.8024,849,445.0,0,0,OK
LOT-00080,MED-006,LOC-002,2023-01-22,2026-12-01,2157,971,9.3806,335,971.0,0,0,OK
LOT-00081,MED-006,LOC-002,2024-09-26,2027-09-01,1097,778,9.3806,609,778.0,0,0,OK
LOT-00079,MED-006,LOC-002,2024-12-09,2028-09-09,1833,1451,9.3806,983,1451.0,0,0,OK
LOT-00082,MED-006,LOC-003,2024-10-07,2024-12-19,1494,386,7.1578,-377,0.0,386,1119400,VENCIDO
LOT-00083,MED-006,LOC-003,2023-05-04,2026-07-04,2298,782,7.1578,185,782.0,0,0,OK
LOT-00084,MED-006,LOC-003,2024-08-20,2028-04-27,1414,798,7.1578,848,798.0,0,0,OK
LOT-00085,MED-006,LOC-004,2023-10-20,2024-01-18,1527,449,5.7576,-713,0.0,449,1302100,VENCIDO
LOT-00087,MED-006,LOC-004,2023-05-28,2026-08-26,303,284,5.7576,238,284.0,0,0,OK
LOT-00086,MED-006,LOC-004,2025-02-25,2028-01-05,252,126,5.7576,735,126.0,0,0,OK
LOT-00090,MED-006,LOC-005,2024-05-18,2027-03-01,1809,1364,6.6394,425,1364.0,0,0,OK
LOT-00089,MED-006,LOC-005,2024-07-02,2027-04-04,1882,996,6.6394,459,996.0,0,0,OK
LOT-00088,MED-006,LOC-005,2024-12-04,2027-12-07,2242,1842,6.6394,706,1842.0,0,0,OK
LOT-00091,MED-007,LOC-001,2023-03-23,2023-05-18,1786,1103,50.3652,-958,0.0,1103,716950,VENCIDO
LOT-00092,MED-007,LOC-001,2023-08-21,2026-04-06,1933,1165,50.3652,96,1165.0,0,0,OK
LOT-00093,MED-007,LOC-001,2024-11-21,2027-10-26,1552,528,50.3652,664,528.0,0,0,OK
LOT-00096,MED-007,LOC-002,2023-01-24,2025-01-16,2152,1389,37.487,-349,0.0,1389,902850,VENCIDO
LOT-00094,MED-007,LOC-002,2024-07-07,2026-09-22,743,318,37.487,265,318.0,0,0,OK
LOT-00095,MED-007,LOC-002,2024-08-17,2027-04-11,406,304,37.487,466,304.0,0,0,OK
LOT-00097,MED-007,LOC-003,2024-02-11,2026-06-17,2000,1351,29.6945,168,1351.0,0,0,OK
LOT-00098,MED-007,LOC-003,2024-07-06,2026-12-30,2207,666,29.6945,364,666.0,0,0,OK
LOT-00099,MED-007,LOC-003,2025-03-10,2028-01-21,454,333,29.6945,751,333.0,0,0,OK
LOT-00100,MED-007,LOC-004,2024-07-14,2026-10-03,445,297,22.0322,276,297.0,0,0,OK
LOT-00102,MED-007,LOC-004,2025-01-13,2027-07-14,493,411,22.0322,560,411.0,0,0,OK
LOT-00101,MED-007,LOC-004,2025-03-22,2027-10-30,1958,1094,22.0322,668,1094.0,0,0,OK
LOT-00104,MED-007,LOC-005,2023-01-13,2025-03-08,1637,1251,26.0712,-298,0.0,1251,813150,VENCIDO
LOT-00103,MED-007,LOC-005,2023-02-04,2026-01-27,268,180,26.0712,27,180.0,0,0,VENCE_PRONTO_ROTA_A_TIEMPO
LOT-00105,MED-007,LOC-005,2025-04-21,2027-11-14,720,175,26.0712,683,175.0,0,0,OK
LOT-00108,MED-008,LOC-001,2023-07-10,2026-05-07,2415,1721,23.9132,127,1721.0,0,0,OK
LOT-00106,MED-008,LOC-001,2024-02-26,2026-06-12,758,255,23.9132,163,255.0,0,0,OK
LOT-00107,MED-008,LOC-001,2024-06-22,2027-04-24,539,501,23.9132,479,501.0,0,0,OK
LOT-00109,MED-008,LOC-002,2024-01-03,2025-12-22,1424,927,18.0087,-9,0.0,927,1714950,VENCIDO
LOT-00110,MED-008,LOC-002,2024-12-27,2027-01-22,883,651,18.0087,387,651.0,0,0,OK
LOT-00111,MED-008,LOC-002,2025-04-10,2027-08-14,950,295,18.0087,591,295.0,0,0,OK
LOT-00112,MED-008,LOC-003,2023-01-15,2023-05-12,1856,1061,13.8862,-964,0.0,1061,1962850,VENCIDO
LOT-00113,MED-008,LOC-003,2023-01-20,2025-12-26,843,349,13.8862,-5,0.0,349,645650,VENCIDO
LOT-00114,MED-008,LOC-003,2024-08-24,2026-09-29,2143,1254,13.8862,272,1254.0,0,0,OK
LOT-00115,MED-008,LOC-004,2024-08-22,2024-12-19,493,398,10.5536,-377,0.0,398,736300,VENCIDO
LOT-00117,MED-008,LOC-004,2024-01-19,2026-01-23,345,98,10.5536,23,98.0,0,0,VENCE_PRONTO_ROTA_A_TIEMPO
LOT-00116,MED-008,LOC-004,2023-07-23,2026-07-11,335,71,10.5536,192,71.0,0,0,OK
LOT-00119,MED-008,LOC-005,2023-03-02,2025-09-02,1709,1162,12.4842,-120,0.0,1162,2149700,VENCIDO
LOT-00118,MED-008,LOC-005,2023-04-04,2026-02-20,1037,903,12.4842,51,636.0,267,493950,RIESGO_ALTO
LOT-00120,MED-008,LOC-005,2024-02-11,2027-01-03,2401,1490,12.4842,368,1490.0,0,0,OK
LOT-00122,MED-009,LOC-001,2023-03-03,2025-09-08,2082,705,61.153,-114,0.0,705,846000,VENCIDO
LOT-00123,MED-009,LOC-001,2024-06-13,2027-01-20,1762,402,61.153,385,402.0,0,0,OK
LOT-00121,MED-009,LOC-001,2024-06-27,2027-04-12,1733,1100,61.153,467,1100.0,0,0,OK
LOT-00124,MED-009,LOC-002,2024-09-02,2024-11-25,719,447,48.0049,-401,0.0,447,536400,VENCIDO
LOT-00125,MED-009,LOC-002,2024-12-12,2027-03-14,332,79,48.0049,438,79.0,0,0,OK
LOT-00126,MED-009,LOC-002,2024-06-28,2027-04-21,2255,1788,48.0049,476,1788.0,0,0,OK
LOT-00128,MED-009,LOC-003,2023-03-01,2025-04-13,1680,1103,36.5168,-262,0.0,1103,1323600,VENCIDO
LOT-00129,MED-009,LOC-003,2024-12-31,2027-01-12,1197,268,36.5168,377,268.0,0,0,OK
LOT-00127,MED-009,LOC-003,2025-03-29,2027-12-17,851,179,36.5168,716,179.0,0,0,OK
LOT-00132,MED-009,LOC-004,2024-07-08,2026-10-28,1782,279,28.3801,301,279.0,0,0,OK
LOT-00131,MED-009,LOC-004,2024-12-12,2027-03-08,2237,2098,28.3801,432,2098.0,0,0,OK
LOT-00130,MED-009,LOC-004,2024-12-13,2027-07-24,2439,440,28.3801,570,440.0,0,0,OK
LOT-00135,MED-009,LOC-005,2023-05-19,2025-08-13,2407,2253,32.6257,-140,0.0,2253,2703600,VENCIDO
LOT-00134,MED-009,LOC-005,2023-10-04,2026-05-01,732,582,32.6257,121,582.0,0,0,OK
LOT-00133,MED-009,LOC-005,2024-11-09,2027-04-28,1320,359,32.6257,483,359.0,0,0,OK
LOT-00137,MED-010,LOC-001,2023-11-21,2025-10-07,1805,649,35.3752,-85,0.0,649,616550,VENCIDO
LOT-00138,MED-010,LOC-001,2024-06-07,2026-03-24,694,380,35.3752,83,380.0,0,0,VENCE_PRONTO_ROTA_A_TIEMPO
LOT-00136,MED-010,LOC-001,2025-04-29,2026-12-18,2479,1856,35.3752,352,1856.0,0,0,OK
LOT-00141,MED-010,LOC-002,2023-10-16,2025-04-24,331,313,26.3562,-251,0.0,313,297350,VENCIDO
LOT-00139,MED-010,LOC-002,2024-11-27,2026-04-23,710,174,26.3562,113,174.0,0,0,OK
LOT-00140,MED-010,LOC-002,2024-12-03,2026-09-24,1750,1560,26.3562,267,1560.0,0,0,OK
LOT-00143,MED-010,LOC-003,2023-01-29,2024-06-13,1256,1015,20.5193,-566,0.0,1015,964250,VENCIDO
LOT-00144,MED-010,LOC-003,2023-12-27,2025-10-22,2012,484,20.5193,-70,0.0,484,459800,VENCIDO
LOT-00142,MED-010,LOC-003,2024-09-17,2026-03-22,1809,541,20.5193,81,541.0,0,0,VENCE_PRONTO_ROTA_A_TIEMPO
LOT-00145,MED-010,LOC-004,2023-06-09,2023-08-28,1226,208,15.6968,-856,0.0,208,197600,VENCIDO
LOT-00146,MED-010,LOC-004,2023-11-01,2025-06-18,1316,633,15.6968,-196,0.0,633,601350,VENCIDO
LOT-00147,MED-010,LOC-004,2025-06-13,2027-06-12,1962,644,15.6968,528,644.0,0,0,OK
LOT-00148,MED-010,LOC-005,2024-03-15,2024-05-06,345,128,17.8762,-604,0.0,128,121600,VENCIDO
LOT-00149,MED-010,LOC-005,2023-05-12,2024-09-02,552,392,17.8762,-485,0.0,392,372400,VENCIDO
LOT-00150,MED-010,LOC-005,2023-11-26,2025-08-22,1574,809,17.8762,-131,0.0,809,768550,VENCIDO
LOT-00151,MED-011,LOC-001,2023-04-22,2023-07-20,1452,644,32.0625,-895,0.0,644,579600,VENCIDO
LOT-00152,MED-011,LOC-001,2023-06-25,2025-05-27,915,240,32.0625,-218,0.0,240,216000,VENCIDO
LOT-00153,MED-011,LOC-001,2025-01-20,2026-07-26,1936,1682,32.0625,207,1682.0,0,0,OK
LOT-00154,MED-011,LOC-002,2023-05-21,2024-11-29,1713,707,24.2058,-397,0.0,707,636300,VENCIDO
LOT-00156,MED-011,LOC-002,2024-04-11,2025-09-30,675,115,24.2058,-92,0.0,115,103500,VENCIDO
LOT-00155,MED-011,LOC-002,2024-03-25,2026-02-01,2187,1031,24.2058,32,774.0,257,231300,RIESGO_ALTO
LOT-00157,MED-011,LOC-003,2024-01-31,2024-03-21,1254,246,18.3114,-650,0.0,246,221400,VENCIDO
LOT-00158,MED-011,LOC-003,2023-12-27,2025-07-20,273,228,18.3114,-164,0.0,228,205200,VENCIDO
LOT-00159,MED-011,LOC-003,2024-10-12,2026-04-14,1647,712,18.3114,104,712.0,0,0,OK
LOT-00161,MED-011,LOC-004,2023-04-15,2025-02-20,1997,1541,14.2293,-314,0.0,1541,1386900,VENCIDO
LOT-00162,MED-011,LOC-004,2023-07-22,2025-05-05,1268,273,14.2293,-240,0.0,273,245700,VENCIDO
LOT-00160,MED-011,LOC-004,2024-06-09,2026-04-18,1949,1039,14.2293,108,1039.0,0,0,OK
LOT-00164,MED-011,LOC-005,2023-02-08,2024-06-21,2137,840,16.5801,-558,0.0,840,756000,VENCIDO
LOT-00163,MED-011,LOC-005,2023-06-28,2025-04-22,690,274,16.5801,-253,0.0,274,246600,VENCIDO
LOT-00165,MED-011,LOC-005,2024-06-10,2025-10-23,1214,1036,16.5801,-69,0.0,1036,932400,VENCIDO
LOT-00167,MED-012,LOC-001,2023-01-30,2024-05-27,606,251,28.274,-583,0.0,251,878500,VENCIDO
LOT-00168,MED-012,LOC-001,2024-07-21,2026-06-17,535,458,28.274,168,458.0,0,0,OK
LOT-00166,MED-012,LOC-001,2024-12-20,2026-09-26,707,500,28.274,269,500.0,0,0,OK
LOT-00171,MED-012,LOC-002,2024-02-15,2025-06-24,563,389,21.6193,-190,0.0,389,1361500,VENCIDO
LOT-00169,MED-012,LOC-002,2023-10-18,2025-10-16,2218,1426,21.6193,-76,0.0,1426,4991000,VENCIDO
LOT-00170,MED-012,LOC-002,2025-01-19,2026-07-07,722,558,21.6193,188,558.0,0,0,OK
LOT-00172,MED-012,LOC-003,2023-11-25,2024-01-20,2442,1204,16.6593,-711,0.0,1204,4214000,VENCIDO
LOT-00174,MED-012,LOC-003,2023-04-21,2025-03-14,2045,461,16.6593,-292,0.0,461,1613500,VENCIDO
LOT-00173,MED-012,LOC-003,2024-02-19,2025-09-23,933,521,16.6593,-99,0.0,521,1823500,VENCIDO
LOT-00175,MED-012,LOC-004,2023-02-10,2023-05-25,1378,1114,12.8064,-951,0.0,1114,3899000,VENCIDO
LOT-00177,MED-012,LOC-004,2023-11-12,2025-07-31,1410,410,12.8064,-153,0.0,410,1435000,VENCIDO
LOT-00176,MED-012,LOC-004,2024-11-19,2026-04-30,2138,597,12.8064,120,597.0,0,0,OK
LOT-00180,MED-012,LOC-005,2023-06-10,2025-05-12,1856,1445,14.5293,-233,0.0,1445,5057500,VENCIDO
LOT-00179,MED-012,LOC-005,2024-04-08,2025-12-16,206,179,14.5293,-15,0.0,179,626500,VENCIDO
LOT-00178,MED-012,LOC-005,2024-10-26,2026-08-10,527,398,14.5293,222,398.0,0,0,OK
LOT-00181,MED-013,LOC-001,2023-05-09,2023-09-05,2313,1813,25.4825,-848,0.0,1813,3807300,VENCIDO
LOT-00182,MED-013,LOC-001,2024-02-22,2026-10-02,2084,1640,25.4825,275,1640.0,0,0,OK
LOT-00183,MED-013,LOC-001,2025-03-13,2027-08-22,1185,375,25.4825,599,375.0,0,0,OK
LOT-00185,MED-013,LOC-002,2023-04-20,2025-05-25,2404,1422,19.1793,-220,0.0,1422,2986200,VENCIDO
LOT-00184,MED-013,LOC-002,2024-07-06,2026-12-26,656,421,19.1793,360,421.0,0,0,OK
LOT-00186,MED-013,LOC-002,2024-07-30,2027-02-13,376,208,19.1793,409,208.0,0,0,OK
LOT-00187,MED-013,LOC-003,2023-04-05,2025-10-16,1947,685,15.2012,-76,0.0,685,1438500,VENCIDO
LOT-00189,MED-013,LOC-003,2023-03-07,2025-12-25,900,623,15.2012,-6,0.0,623,1308300,VENCIDO
LOT-00188,MED-013,LOC-003,2024-05-02,2026-05-13,1993,891,15.2012,133,891.0,0,0,OK
LOT-00191,MED-013,LOC-004,2023-06-09,2025-06-30,2313,1367,11.0111,-184,0.0,1367,2870700,VENCIDO
LOT-00192,MED-013,LOC-004,2023-12-12,2026-08-12,525,212,11.0111,224,212.0,0,0,OK
LOT-00190,MED-013,LOC-004,2024-10-08,2027-09-21,1937,693,11.0111,629,693.0,0,0,OK
LOT-00195,MED-013,LOC-005,2023-07-17,2025-07-06,1169,584,12.8637,-178,0.0,584,1226400,VENCIDO
LOT-00193,MED-013,LOC-005,2023-09-26,2025-09-18,923,278,12.8637,-104,0.0,278,583800,VENCIDO
LOT-00194,MED-013,LOC-005,2024-06-13,2026-11-26,1933,809,12.8637,330,809.0,0,0,OK
LOT-00198,MED-014,LOC-001,2025-04-07,2026-08-28,681,316,16.0971,240,316.0,0,0,OK
LOT-00196,MED-014,LOC-001,2025-01-15,2027-01-13,1599,592,16.0971,378,592.0,0,0,OK
LOT-00197,MED-014,LOC-001,2025-06-13,2027-05-29,1287,1174,16.0971,514,1174.0,0,0,OK
LOT-00201,MED-014,LOC-002,2023-02-14,2024-08-14,980,827,11.9263,-504,0.0,827,3473400,VENCIDO
LOT-00200,MED-014,LOC-002,2023-03-22,2024-12-18,1650,1296,11.9263,-378,0.0,1296,5443200,VENCIDO
LOT-00199,MED-014,LOC-002,2025-06-09,2026-12-15,567,202,11.9263,349,202.0,0,0,OK
LOT-00202,MED-014,LOC-003,2024-01-06,2024-03-29,1379,298,9.0861,-642,0.0,298,1251600,VENCIDO
LOT-00203,MED-014,LOC-003,2023-07-24,2025-07-19,865,370,9.0861,-165,0.0,370,1554000,VENCIDO
LOT-00204,MED-014,LOC-003,2025-03-03,2026-10-29,1691,980,9.0861,302,980.0,0,0,OK
LOT-00207,MED-014,LOC-004,2023-08-25,2025-05-04,2087,1365,6.9485,-241,0.0,1365,5733000,VENCIDO
LOT-00205,MED-014,LOC-004,2024-11-10,2026-06-30,1185,511,6.9485,181,511.0,0,0,OK
LOT-00206,MED-014,LOC-004,2025-04-03,2027-01-15,571,105,6.9485,380,105.0,0,0,OK
LOT-00208,MED-014,LOC-005,2025-05-29,2025-07-31,2192,889,8.3359,-153,0.0,889,3733800,VENCIDO
LOT-00210,MED-014,LOC-005,2024-12-09,2026-05-01,2447,593,8.3359,121,593.0,0,0,OK
LOT-00209,MED-014,LOC-005,2024-09-23,2026-09-07,1414,350,8.3359,250,350.0,0,0,OK
LOT-00211,MED-015,LOC-001,2023-05-14,2026-02-18,1325,1158,18.621,49,912.0,246,639600,RIESGO_ALTO
LOT-00212,MED-015,LOC-001,2023-12-05,2026-03-31,1494,705,18.621,90,705.0,0,0,VENCE_PRONTO_ROTA_A_TIEMPO
LOT-00213,MED-015,LOC-001,2025-03-17,2027-06-29,412,71,18.621,545,71.0,0,0,OK
LOT-00215,MED-015,LOC-002,2024-06-09,2026-06-25,1009,383,14.7996,176,383.0,0,0,OK
LOT-00216,MED-015,LOC-002,2023-11-25,2026-11-15,1228,1000,14.7996,319,1000.0,0,0,OK
LOT-00214,MED-015,LOC-002,2025-04-20,2027-07-21,459,167,14.7996,567,167.0,0,0,OK
LOT-00217,MED-015,LOC-003,2023-09-01,2025-12-15,2406,866,10.9559,-16,0.0,866,2251600,VENCIDO
LOT-00219,MED-015,LOC-003,2023-01-18,2025-12-20,2204,1682,10.9559,-11,0.0,1682,4373200,VENCIDO
LOT-00218,MED-015,LOC-003,2024-03-18,2026-04-09,1917,1210,10.9559,99,1084.0,126,327600,RIESGO_PROYECTADO
LOT-00222,MED-015,LOC-004,2023-08-07,2025-12-25,1849,791,8.5772,-6,0.0,791,2056600,VENCIDO
LOT-00220,MED-015,LOC-004,2024-05-26,2026-08-29,1722,760,8.5772,241,760.0,0,0,OK
LOT-00221,MED-015,LOC-004,2024-09-16,2027-07-14,1910,1778,8.5772,560,1778.0,0,0,OK
LOT-00224,MED-015,LOC-005,2023-05-01,2025-11-16,2409,1338,9.6642,-45,0.0,1338,3478800,VENCIDO
LOT-00223,MED-015,LOC-005,2023-11-18,2026-09-11,1705,633,9.6642,254,633.0,0,0,OK
LOT-00225,MED-015,LOC-005,2024-08-13,2027-07-08,686,175,9.6642,554,175.0,0,0,OK
