lote_id,producto_id,ubicacion_id,fecha_ingreso,fecha_vencimiento,cantidad_inicial,cantidad_disponible
LOT-00001,MED-001,LOC-001,2024-12-23,2026-12-19,541,310
LOT-00002,MED-001,LOC-001,2025-01-11,2027-06-17,1213,860
LOT-00003,MED-001,LOC-001,2023-11-03,2026-09-03,500,128
LOT-00004,MED-001,LOC-002,2024-07-30,2026-11-08,1830,1687
LOT-00005,MED-001,LOC-002,2023-10-09,2026-08-14,2074,1096
LOT-00006,MED-001,LOC-002,2024-04-15,2026-06-28,1062,370
LOT-00007,MED-001,LOC-003,2023-05-26,2025-10-20,1194,1022
LOT-00008,MED-001,LOC-003,2023-05-01,2025-05-23,1831,432
LOT-00009,MED-001,LOC-003,2025-02-25,2027-09-18,826,777
LOT-00010,MED-001,LOC-004,2023-11-21,2026-10-05,311,264
LOT-00011,MED-001,LOC-004,2025-05-13,2027-07-20,438,309
LOT-00012,MED-001,LOC-004,2024-06-29,2026-08-08,1890,1762
LOT-00013,MED-001,LOC-005,2024-09-10,2024-10-31,494,242
LOT-00014,MED-001,LOC-005,2023-07-12,2025-08-16,773,223
LOT-00015,MED-001,LOC-005,2024-05-17,2027-01-25,837,767
LOT-00016,MED-002,LOC-001,2024-05-07,2027-04-25,342,116
LOT-00017,MED-002,LOC-001,2023-06-22,2025-09-01,776,223
LOT-00018,MED-002,LOC-001,2023-04-29,2025-06-28,1998,1276
LOT-00019,MED-002,LOC-002,2023-02-26,2023-04-18,766,482
LOT-00020,MED-002,LOC-002,2024-01-25,2026-11-08,964,272
LOT-00021,MED-002,LOC-002,2023-04-28,2026-04-23,2426,1789
LOT-00022,MED-002,LOC-003,2024-07-31,2026-10-26,843,158
LOT-00023,MED-002,LOC-003,2024-08-10,2027-08-04,2263,390
LOT-00024,MED-002,LOC-003,2025-04-20,2028-01-07,2268,1114
LOT-00025,MED-002,LOC-004,2025-03-13,2025-05-06,1646,558
LOT-00026,MED-002,LOC-004,2025-03-26,2027-10-05,2108,1057
LOT-00027,MED-002,LOC-004,2023-05-23,2026-01-30,1012,343
LOT-00028,MED-002,LOC-005,2024-05-20,2027-02-20,1540,986
LOT-00029,MED-002,LOC-005,2025-05-02,2027-08-02,2254,363
LOT-00030,MED-002,LOC-005,2024-05-24,2026-06-05,1030,905
LOT-00031,MED-003,LOC-001,2023-03-14,2027-06-27,1599,309
LOT-00032,MED-003,LOC-001,2023-06-29,2028-03-05,871,415
LOT-00033,MED-003,LOC-001,2024-08-14,2027-11-28,308,205
LOT-00034,MED-003,LOC-002,2024-03-18,2024-05-21,208,168
LOT-00035,MED-003,LOC-002,2023-08-21,2027-02-01,2066,1708
LOT-00036,MED-003,LOC-002,2024-08-29,2028-10-26,915,750
LOT-00037,MED-003,LOC-003,2025-03-10,2029-08-06,1988,838
LOT-00038,MED-003,LOC-003,2023-06-27,2027-05-31,2461,2059
LOT-00039,MED-003,LOC-003,2025-04-12,2029-11-04,633,200
LOT-00040,MED-003,LOC-004,2024-09-22,2024-10-28,1660,1055
LOT-00041,MED-003,LOC-004,2024-01-08,2027-05-24,2393,2030
LOT-00042,MED-003,LOC-004,2023-03-19,2026-10-23,1082,946
LOT-00043,MED-003,LOC-005,2023-04-17,2026-08-08,451,367
LOT-00044,MED-003,LOC-005,2023-08-27,2028-02-25,694,288
LOT-00045,MED-003,LOC-005,2023-07-19,2028-02-22,506,289
LOT-00046,MED-004,LOC-001,2024-12-04,2029-11-02,1201,855
LOT-00047,MED-004,LOC-001,2024-12-22,2029-02-28,2258,579
LOT-00048,MED-004,LOC-001,2023-01-04,2026-05-31,1069,899
LOT-00049,MED-004,LOC-002,2023-02-28,2027-03-24,1471,326
LOT-00050,MED-004,LOC-002,2025-03-08,2028-12-15,797,748
LOT-00051,MED-004,LOC-002,2025-04-12,2029-04-04,742,379
LOT-00052,MED-004,LOC-003,2025-05-25,2028-09-19,505,173
LOT-00053,MED-004,LOC-003,2023-08-13,2028-01-15,1183,564
LOT-00054,MED-004,LOC-003,2024-08-21,2028-01-23,1773,620
LOT-00055,MED-004,LOC-004,2025-04-15,2029-08-11,860,129
LOT-00056,MED-004,LOC-004,2023-06-15,2028-01-15,2217,994
LOT-00057,MED-004,LOC-004,2025-01-16,2029-11-03,1832,564
LOT-00058,MED-004,LOC-005,2023-12-04,2027-03-14,1385,244
LOT-00059,MED-004,LOC-005,2024-10-07,2029-08-24,1740,607
LOT-00060,MED-004,LOC-005,2024-10-21,2029-05-19,482,169
LOT-00061,MED-005,LOC-001,2023-12-13,2027-03-20,2456,947
LOT-00062,MED-005,LOC-001,2025-04-01,2028-02-07,284,80
LOT-00063,MED-005,LOC-001,2023-04-30,2026-12-22,709,409
LOT-00064,MED-005,LOC-002,2024-10-10,2027-08-26,1488,693
LOT-00065,MED-005,LOC-002,2024-06-05,2027-09-19,1181,859
LOT-00066,MED-005,LOC-002,2024-01-25,2027-05-05,2048,1016
LOT-00067,MED-005,LOC-003,2024-09-26,2028-07-17,2113,1736
LOT-00068,MED-005,LOC-003,2023-01-30,2026-10-29,1309,1114
LOT-00069,MED-005,LOC-003,2024-12-08,2027-08-20,2303,2124
LOT-00070,MED-005,LOC-004,2024-07-30,2027-05-28,892,148
LOT-00071,MED-005,LOC-004,2024-04-02,2026-12-06,1660,1240
LOT-00072,MED-005,LOC-004,2025-02-05,2028-06-24,2202,1343
LOT-00073,MED-005,LOC-005,2024-06-29,2028-05-10,2445,1568
LOT-00074,MED-005,LOC-005,2024-01-22,2027-12-15,1096,763
LOT-00075,MED-005,LOC-005,2025-05-23,2028-10-19,1157,232
LOT-00076,MED-006,LOC-001,2024-08-05,2027-08-31,1474,550
LOT-00077,MED-006,LOC-001,2024-07-02,2028-04-28,2377,445
LOT-00078,MED-006,LOC-001,2024-05-24,2028-01-18,2316,511
LOT-00079,MED-006,LOC-002,2024-12-09,2028-09-09,1833,1451
LOT-00080,MED-006,LOC-002,2023-01-22,2026-12-01,2157,971
LOT-00081,MED-006,LOC-002,2024-09-26,2027-09-01,1097,778
LOT-00082,MED-006,LOC-003,2024-10-07,2024-12-19,1494,386
LOT-00083,MED-006,LOC-003,2023-05-04,2026-07-04,2298,782
LOT-00084,MED-006,LOC-003,2024-08-20,2028-04-27,1414,798
LOT-00085,MED-006,LOC-004,2023-10-20,2024-01-18,1527,449
LOT-00086,MED-006,LOC-004,2025-02-25,2028-01-05,252,126
LOT-00087,MED-006,LOC-004,2023-05-28,2026-08-26,303,284
LOT-00088,MED-006,LOC-005,2024-12-04,2027-12-07,2242,1842
LOT-00089,MED-006,LOC-005,2024-07-02,2027-04-04,1882,996
LOT-00090,MED-006,LOC-005,2024-05-18,2027-03-01,1809,1364
LOT-00091,MED-007,LOC-001,2023-03-23,2023-05-18,1786,1103
LOT-00092,MED-007,LOC-001,2023-08-21,2026-04-06,1933,1165
LOT-00093,MED-007,LOC-001,2024-11-21,2027-10-26,1552,528
LOT-00094,MED-007,LOC-002,2024-07-07,2026-09-22,743,318
LOT-00095,MED-007,LOC-002,2024-08-17,2027-04-11,406,304
LOT-00096,MED-007,LOC-002,2023-01-24,2025-01-16,2152,1389
LOT-00097,MED-007,LOC-003,2024-02-11,2026-06-17,2000,1351
LOT-00098,MED-007,LOC-003,2024-07-06,2026-12-30,2207,666
LOT-00099,MED-007,LOC-003,2025-03-10,2028-01-21,454,333
LOT-00100,MED-007,LOC-004,2024-07-14,2026-10-03,445,297
LOT-00101,MED-007,LOC-004,2025-03-22,2027-10-30,1958,1094
LOT-00102,MED-007,LOC-004,2025-01-13,2027-07-14,493,411
LOT-00103,MED-007,LOC-005,2023-02-04,2026-01-27,268,180
LOT-00104,MED-007,LOC-005,2023-01-13,2025-03-08,1637,1251
LOT-00105,MED-007,LOC-005,2025-04-21,2027-11-14,720,175
LOT-00106,MED-008,LOC-001,2024-02-26,2026-06-12,758,255
LOT-00107,MED-008,LOC-001,2024-06-22,2027-04-24,539,501
LOT-00108,MED-008,LOC-001,2023-07-10,2026-05-07,2415,1721
LOT-00109,MED-008,LOC-002,2024-01-03,2025-12-22,1424,927
LOT-00110,MED-008,LOC-002,2024-12-27,2027-01-22,883,651
LOT-00111,MED-008,LOC-002,2025-04-10,2027-08-14,950,295
LOT-00112,MED-008,LOC-003,2023-01-15,2023-05-12,1856,1061
LOT-00113,MED-008,LOC-003,2023-01-20,2025-12-26,843,349
LOT-00114,MED-008,LOC-003,2024-08-24,2026-09-29,2143,1254
LOT-00115,MED-008,LOC-004,2024-08-22,2024-12-19,493,398
LOT-00116,MED-008,LOC-004,2023-07-23,2026-07-11,335,71
LOT-00117,MED-008,LOC-004,2024-01-19,2026-01-23,345,98
LOT-00118,MED-008,LOC-005,2023-04-04,2026-02-20,1037,903
LOT-00119,MED-008,LOC-005,2023-03-02,2025-09-02,1709,1162
LOT-00120,MED-008,LOC-005,2024-02-11,2027-01-03,2401,1490
LOT-00121,MED-009,LOC-001,2024-06-27,2027-04-12,1733,1100
LOT-00122,MED-009,LOC-001,2023-03-03,2025-09-08,2082,705
LOT-00123,MED-009,LOC-001,2024-06-13,2027-01-20,1762,402
LOT-00124,MED-009,LOC-002,2024-09-02,2024-11-25,719,447
LOT-00125,MED-009,LOC-002,2024-12-12,2027-03-14,332,79
LOT-00126,MED-009,LOC-002,2024-06-28,2027-04-21,2255,1788
LOT-00127,MED-009,LOC-003,2025-03-29,2027-12-17,851,179
LOT-00128,MED-009,LOC-003,2023-03-01,2025-04-13,1680,1103
LOT-00129,MED-009,LOC-003,2024-12-31,2027-01-12,1197,268
LOT-00130,MED-009,LOC-004,2024-12-13,2027-07-24,2439,440
LOT-00131,MED-009,LOC-004,2024-12-12,2027-03-08,2237,2098
LOT-00132,MED-009,LOC-004,2024-07-08,2026-10-28,1782,279
LOT-00133,MED-009,LOC-005,2024-11-09,2027-04-28,1320,359
LOT-00134,MED-009,LOC-005,2023-10-04,2026-05-01,732,582
LOT-00135,MED-009,LOC-005,2023-05-19,2025-08-13,2407,2253
LOT-00136,MED-010,LOC-001,2025-04-29,2026-12-18,2479,1856
LOT-00137,MED-010,LOC-001,2023-11-21,2025-10-07,1805,649
LOT-00138,MED-010,LOC-001,2024-06-07,2026-03-24,694,380
LOT-00139,MED-010,LOC-002,2024-11-27,2026-04-23,710,174
LOT-00140,MED-010,LOC-002,2024-12-03,2026-09-24,1750,1560
LOT-00141,MED-010,LOC-002,2023-10-16,2025-04-24,331,313
LOT-00142,MED-010,LOC-003,2024-09-17,2026-03-22,1809,541
LOT-00143,MED-010,LOC-003,2023-01-29,2024-06-13,1256,1015
LOT-00144,MED-010,LOC-003,2023-12-27,2025-10-22,2012,484
LOT-00145,MED-010,LOC-004,2023-06-09,2023-08-28,1226,208
LOT-00146,MED-010,LOC-004,2023-11-01,2025-06-18,1316,633
LOT-00147,MED-010,LOC-004,2025-06-13,2027-06-12,1962,644
LOT-00148,MED-010,LOC-005,2024-03-15,2024-05-06,345,128
LOT-00149,MED-010,LOC-005,2023-05-12,2024-09-02,552,392
LOT-00150,MED-010,LOC-005,2023-11-26,2025-08-22,1574,809
LOT-00151,MED-011,LOC-001,2023-04-22,2023-07-20,1452,644
LOT-00152,MED-011,LOC-001,2023-06-25,2025-05-27,915,240
LOT-00153,MED-011,LOC-001,2025-01-20,2026-07-26,1936,1682
LOT-00154,MED-011,LOC-002,2023-05-21,2024-11-29,1713,707
LOT-00155,MED-011,LOC-002,2024-03-25,2026-02-01,2187,1031
LOT-00156,MED-011,LOC-002,2024-04-11,2025-09-30,675,115
LOT-00157,MED-011,LOC-003,2024-01-31,2024-03-21,1254,246
LOT-00158,MED-011,LOC-003,2023-12-27,2025-07-20,273,228
LOT-00159,MED-011,LOC-003,2024-10-12,2026-04-14,1647,712
LOT-00160,MED-011,LOC-004,2024-06-09,2026-04-18,1949,1039
LOT-00161,MED-011,LOC-004,2023-04-15,2025-02-20,1997,1541
LOT-00162,MED-011,LOC-004,2023-07-22,2025-05-05,1268,273
LOT-00163,MED-011,LOC-005,2023-06-28,2025-04-22,690,274
LOT-00164,MED-011,LOC-005,2023-02-08,2024-06-21,2137,840
LOT-00165,MED-011,LOC-005,2024-06-10,2025-10-23,1214,1036
LOT-00166,MED-012,LOC-001,2024-12-20,2026-09-26,707,500
LOT-00167,MED-012,LOC-001,2023-01-30,2024-05-27,606,251
LOT-00168,MED-012,LOC-001,2024-07-21,2026-06-17,535,458
LOT-00169,MED-012,LOC-002,2023-10-18,2025-10-16,2218,1426
LOT-00170,MED-012,LOC-002,2025-01-19,2026-07-07,722,558
LOT-00171,MED-012,LOC-002,2024-02-15,2025-06-24,563,389
LOT-00172,MED-012,LOC-003,2023-11-25,2024-01-20,2442,1204
LOT-00173,MED-012,LOC-003,2024-02-19,2025-09-23,933,521
LOT-00174,MED-012,LOC-003,2023-04-21,2025-03-14,2045,461
LOT-00175,MED-012,LOC-004,2023-02-10,2023-05-25,1378,1114
LOT-00176,MED-012,LOC-004,2024-11-19,2026-04-30,2138,597
LOT-00177,MED-012,LOC-004,2023-11-12,2025-07-31,1410,410
LOT-00178,MED-012,LOC-005,2024-10-26,2026-08-10,527,398
LOT-00179,MED-012,LOC-005,2024-04-08,2025-12-16,206,179
LOT-00180,MED-012,LOC-005,2023-06-10,2025-05-12,1856,1445
LOT-00181,MED-013,LOC-001,2023-05-09,2023-09-05,2313,1813
LOT-00182,MED-013,LOC-001,2024-02-22,2026-10-02,2084,1640
LOT-00183,MED-013,LOC-001,2025-03-13,2027-08-22,1185,375
LOT-00184,MED-013,LOC-002,2024-07-06,2026-12-26,656,421
LOT-00185,MED-013,LOC-002,2023-04-20,2025-05-25,2404,1422
LOT-00186,MED-013,LOC-002,2024-07-30,2027-02-13,376,208
LOT-00187,MED-013,LOC-003,2023-04-05,2025-10-16,1947,685
LOT-00188,MED-013,LOC-003,2024-05-02,2026-05-13,1993,891
LOT-00189,MED-013,LOC-003,2023-03-07,2025-12-25,900,623
LOT-00190,MED-013,LOC-004,2024-10-08,2027-09-21,1937,693
LOT-00191,MED-013,LOC-004,2023-06-09,2025-06-30,2313,1367
LOT-00192,MED-013,LOC-004,2023-12-12,2026-08-12,525,212
LOT-00193,MED-013,LOC-005,2023-09-26,2025-09-18,923,278
LOT-00194,MED-013,LOC-005,2024-06-13,2026-11-26,1933,809
LOT-00195,MED-013,LOC-005,2023-07-17,2025-07-06,1169,584
LOT-00196,MED-014,LOC-001,2025-01-15,2027-01-13,1599,592
LOT-00197,MED-014,LOC-001,2025-06-13,2027-05-29,1287,1174
LOT-00198,MED-014,LOC-001,2025-04-07,2026-08-28,681,316
LOT-00199,MED-014,LOC-002,2025-06-09,2026-12-15,567,202
LOT-00200,MED-014,LOC-002,2023-03-22,2024-12-18,1650,1296
LOT-00201,MED-014,LOC-002,2023-02-14,2024-08-14,980,827
LOT-00202,MED-014,LOC-003,2024-01-06,2024-03-29,1379,298
LOT-00203,MED-014,LOC-003,2023-07-24,2025-07-19,865,370
LOT-00204,MED-014,LOC-003,2025-03-03,2026-10-29,1691,980
LOT-00205,MED-014,LOC-004,2024-11-10,2026-06-30,1185,511
LOT-00206,MED-014,LOC-004,2025-04-03,2027-01-15,571,105
LOT-00207,MED-014,LOC-004,2023-08-25,2025-05-04,2087,1365
LOT-00208,MED-014,LOC-005,2025-05-29,2025-07-31,2192,889
LOT-00209,MED-014,LOC-005,2024-09-23,2026-09-07,1414,350
LOT-00210,MED-014,LOC-005,2024-12-09,2026-05-01,2447,593
LOT-00211,MED-015,LOC-001,2023-05-14,2026-02-18,1325,1158
LOT-00212,MED-015,LOC-001,2023-12-05,2026-03-31,1494,705
LOT-00213,MED-015,LOC-001,2025-03-17,2027-06-29,412,71
LOT-00214,MED-015,LOC-002,2025-04-20,2027-07-21,459,167
LOT-00215,MED-015,LOC-002,2024-06-09,2026-06-25,1009,383
LOT-00216,MED-015,LOC-002,2023-11-25,2026-11-15,1228,1000
LOT-00217,MED-015,LOC-003,2023-09-01,2025-12-15,2406,866
LOT-00218,MED-015,LOC-003,2024-03-18,2026-04-09,1917,1210
LOT-00219,MED-015,LOC-003,2023-01-18,2025-12-20,2204,1682
LOT-00220,MED-015,LOC-004,2024-05-26,2026-08-29,1722,760
LOT-00221,MED-015,LOC-004,2024-09-16,2027-07-14,1910,1778
LOT-00222,MED-015,LOC-004,2023-08-07,2025-12-25,1849,791
LOT-00223,MED-015,LOC-005,2023-11-18,2026-09-11,1705,633
LOT-00224,MED-015,LOC-005,2023-05-01,2025-11-16,2409,1338
LOT-00225,MED-015,LOC-005,2024-08-13,2027-07-08,686,175
